one;zero;bit
one;one;mathematics
zero;zero;infinity
man;man;community
bit;bit;data
man;mathematics;algorithm
infinity;infinity;dimension
electricity;algorithm;processor
dimension;dimension;2d
processor;processor;videocard
processor;code;assembler
man;processor;robot
dimension;2d;3d
man;assembler;basic
videocard;videocard;bitcoin
processor;videocard;computer
dimension;3d;time
computer;windows;screen
mathematics;programmer;fsharp
it;pizza;dodo
clouds;microsoft;azure
assembler;program;compiler
man;program;user
man;bug;tester
code;bug;tests
windows;bug;bsod
microsoft;java;dotnet
programmer;pizza;cman
robot;pizza;robotpizzaiolo
programmer;opensource;stallman
computer;network;internet
bit;screen;pixel
bigdata;it;datadrivencompany
clouds;docker;kubernetes
man;computergame;gamer
microsoft;opensource;dotnetcore
text;program;documentation
algorithm;text;code
robot;dodo;drone
bug;user;bugreport
pixel;pixel;picture
community;dotnet;dotnext
assembler;compiler;c
zuckerberg;internet;facebook
computergame;dodo;italchemy
programmer;kubernetes;sre
data;data;bigdata
microsoft;code;windows
c;c;cpp
user;interface;ux
time;programmer;experience
computer;programmer;it
programmer;programmer;pairprogramming
text;programmer;habr
videocard;programmer;computergame
code;programmer;bug
coffee;programmer;java
network;programmer;sysadmin
algorithm;programmer;program
programmer;github;opensource
microsoft;cpp;vs
programmer;csharp;richter
windows;opensource;linux
linux;programmer;linustorvalds
zero;time;deadline
time;algorithm;complexity
one;computer;node
one;energy;electron
electron;electron;electricity
code;data;sql
coffee;man;energy
consensus;community;raft
coffee;robot;coffeemachine
coffee;time;break
man;robot;android
man;deadline;manager
man;bigdata;datascientist
man;bitcoin;satoshinakamoto
one;bitcoin;pizza
bit;2d;pixel
infinity;complexity;ootnfactorial
algorithm;videocard;shader
algorithm;data;datastructures
algorithm;bigdata;mapreduce
algorithm;bitcoin;consensus
electron;computer;quantumcomputer
3d;bigdata;olapcube
2d;data;table
processor;bigdata;spark
node;node;network
assembler;complexity;c
community;data;text
code;man;programmer
man;computer;hardwareengineer
coffee;code;coffeescript
it;dodo;dodois
sysadmin;code;script
code;community;github
pizza;bit;piece
pizza;pizza;combo
sql;data;relationaldb
java;script;javascript
programmer;experience;middle
middle;experience;senior
coffee;manager;scrummaster
tests;man;tester
tester;tester;qa
tests;program;autotests
csharp;cpp;holywar
csharp;java;holywar
program;picture;interface
basic;computer;msdos
msdos;interface;windows
windows;man;billgates
billgates;windows;microsoft
internet;text;html
internet;code;javascript
internet;program;site
site;dodo;dodopizza.ru
site;dodois;dodois.com
programmer;javascript;frontend
time;code;legacy
man;internet;user
processor;programmer;hardwareengineer
program;bug;error
code;mathematics;fortran
dotnet;code;csharp
csharp;site;backend
computer;computer;datacenter
datacenter;internet;clouds
man;android;zuckerberg
clouds;linux;docker
docker;docker;kubernetes
italchemy;backend;michelle
italchemy;manager;elizabeth
italchemy;text;antonio
italchemy;programmer;evgenius
italchemy;picture;tanya